<?xml version="1.0" encoding="utf-8"?>
<ftc:FATCA_OECD xmlns:xsi="http://www.w3.org/2001/XMLSchema-instance" xmlns="urn:oecd:ties:fatca:v1" xmlns:ftc="urn:oecd:ties:fatca:v1" xmlns:iso="urn:oecd:ties:isofatcatypes:v1" xmlns:sfa="urn:oecd:ties:stffatcatypes:v1" version="1.1">
	<ftc:MessageSpec>
		<sfa:SendingCompanyIN>T2JDLN.00039.ME.604</sfa:SendingCompanyIN>
		<sfa:TransmittingCountry>PE</sfa:TransmittingCountry>
		<sfa:ReceivingCountry>US</sfa:ReceivingCountry>
		<sfa:MessageType>FATCA</sfa:MessageType>
		<sfa:Warning/>
		<sfa:Contact/>
		<sfa:MessageRefId>Fatca_MapfrePeuVida_Pruebas_2015_08</sfa:MessageRefId>
		<sfa:ReportingPeriod>2014-12-31</sfa:ReportingPeriod>
		<sfa:Timestamp>2015-08-07T09:20:20</sfa:Timestamp>
	</ftc:MessageSpec>
	<ftc:FATCA>
		<ftc:ReportingFI>
			<sfa:ResCountryCode>PE</sfa:ResCountryCode>
			<sfa:TIN issuedBy="PE">000000000</sfa:TIN>
			<sfa:Name>MAPFRE PERU VIDA COMPANIA DE SEGUROS SA</sfa:Name>
			<sfa:Address>
				<sfa:CountryCode>PE</sfa:CountryCode>
				<sfa:AddressFix>
					<sfa:Street>Av.28 de Julio N°873 MIRAFLORES</sfa:Street>
					<sfa:BuildingIdentifier/>
					<sfa:SuiteIdentifier/>
					<sfa:FloorIdentifier/>
					<sfa:DistrictName/>
					<sfa:POB/>
					<sfa:PostCode>LIMA 18</sfa:PostCode>
					<sfa:City>LIMA</sfa:City>
					<sfa:CountrySubentity>PE</sfa:CountrySubentity>
				</sfa:AddressFix>
				<sfa:AddressFree>Av. 28 de Julio N°873 MIRAFLORES LIMA PERU</sfa:AddressFree>
			</sfa:Address>
			<ftc:DocSpec>
				<ftc:DocTypeIndic></ftc:DocTypeIndic>
				<ftc:DocRefId></ftc:DocRefId>
				<ftc:CorrMessageRefId/>
				<ftc:CorrDocRefId/>
			</ftc:DocSpec>
		</ftc:ReportingFI>
		<ftc:ReportingGroup>
			<ftc:Sponsor>
				<sfa:ResCountryCode></sfa:ResCountryCode>
				<sfa:TIN issuedBy="PE"></sfa:TIN>
				<sfa:Name></sfa:Name>
				<sfa:Address>
					<sfa:CountryCode></sfa:CountryCode>
					<sfa:AddressFix>
						<sfa:Street></sfa:Street>
						<sfa:BuildingIdentifier/>
						<sfa:SuiteIdentifier/>
						<sfa:FloorIdentifier/>
						<sfa:DistrictName/>
						<sfa:POB/>
						<sfa:PostCode></sfa:PostCode>
						<sfa:City></sfa:City>
						<sfa:CountrySubentity></sfa:CountrySubentity>
					</sfa:AddressFix>
					<sfa:AddressFree></sfa:AddressFree>
				</sfa:Address>
				<ftc:DocSpec>
					<ftc:DocTypeIndic></ftc:DocTypeIndic>
					<ftc:DocRefId></ftc:DocRefId>
					<ftc:CorrMessageRefId/>
					<ftc:CorrDocRefId/>
				</ftc:DocSpec>
			</ftc:Sponsor>
			<ftc:Intermediary>
				<sfa:ResCountryCode></sfa:ResCountryCode>
				<sfa:TIN issuedBy="PE"></sfa:TIN>
				<sfa:Name></sfa:Name>
				<sfa:Address>
					<sfa:CountryCode></sfa:CountryCode>
					<sfa:AddressFix>
						<sfa:Street></sfa:Street>
						<sfa:BuildingIdentifier/>
						<sfa:SuiteIdentifier/>
						<sfa:FloorIdentifier/>
						<sfa:DistrictName/>
						<sfa:POB/>
						<sfa:PostCode></sfa:PostCode>
						<sfa:City></sfa:City>
						<sfa:CountrySubentity></sfa:CountrySubentity>
					</sfa:AddressFix>
					<sfa:AddressFree></sfa:AddressFree>
				</sfa:Address>
				<ftc:DocSpec>
					<ftc:DocTypeIndic></ftc:DocTypeIndic>
					<ftc:DocRefId></ftc:DocRefId>
					<ftc:CorrMessageRefId/>
					<ftc:CorrDocRefId/>
				</ftc:DocSpec>
			</ftc:Intermediary>
			<ftc:AccountReport>
				<ftc:DocSpec>
					<ftc:DocTypeIndic></ftc:DocTypeIndic>
					<ftc:DocRefId></ftc:DocRefId>
					<ftc:CorrMessageRefId/>
					<ftc:CorrDocRefId/>
				</ftc:DocSpec>
				<ftc:AccountNumber></ftc:AccountNumber>
				<ftc:AccountHolder>
					<ftc:Individual>
						<sfa:ResCountryCode></sfa:ResCountryCode>
						<sfa:TIN issuedBy="PE"></sfa:TIN>
						<sfa:Name>
							<sfa:PrecedingTitle/>
							<sfa:Title/>
							<sfa:FirstName></sfa:FirstName>
							<sfa:MiddleName></sfa:MiddleName>
							<sfa:NamePrefix/>
							<sfa:LastName></sfa:LastName>
							<sfa:GenerationIdentifier/>
							<sfa:Suffix/>
							<sfa:GeneralSuffix/>
						</sfa:Name>
						<sfa:Address>
							<sfa:CountryCode></sfa:CountryCode>
							<sfa:AddressFix>
								<sfa:Street></sfa:Street>
								<sfa:BuildingIdentifier/>
								<sfa:SuiteIdentifier/>
								<sfa:FloorIdentifier/>
								<sfa:DistrictName/>
								<sfa:POB/>
								<sfa:PostCode></sfa:PostCode>
								<sfa:City></sfa:City>
								<sfa:CountrySubentity></sfa:CountrySubentity>
							</sfa:AddressFix>
							<sfa:AddressFree></sfa:AddressFree>
						</sfa:Address>
						<sfa:BirthInfo>
							<sfa:BirthDate></sfa:BirthDate>
							<sfa:City/>
							<sfa:CitySubentity/>
						</sfa:BirthInfo>
					</ftc:Individual>
				</ftc:AccountHolder>
				<ftc:SubstantialOwner>
					<sfa:ResCountryCode></sfa:ResCountryCode>
					<sfa:TIN issuedBy="PE"></sfa:TIN>
					<sfa:Name>
						<sfa:PrecedingTitle/>
						<sfa:Title/>
						<sfa:FirstName></sfa:FirstName>
						<sfa:MiddleName></sfa:MiddleName>
						<sfa:NamePrefix/>
						<sfa:LastName></sfa:LastName>
						<sfa:GenerationIdentifier/>
						<sfa:Suffix/>
						<sfa:GeneralSuffix/>
					</sfa:Name>
					<sfa:Address>
						<sfa:CountryCode></sfa:CountryCode>
						<sfa:AddressFix>
							<sfa:Street></sfa:Street>
							<sfa:BuildingIdentifier/>
							<sfa:SuiteIdentifier/>
							<sfa:FloorIdentifier/>
							<sfa:DistrictName/>
							<sfa:POB/>
							<sfa:PostCode></sfa:PostCode>
							<sfa:City></sfa:City>
							<sfa:CountrySubentity></sfa:CountrySubentity>
						</sfa:AddressFix>
						<sfa:AddressFree></sfa:AddressFree>
					</sfa:Address>
					<sfa:BirthInfo>
						<sfa:BirthDate></sfa:BirthDate>
						<sfa:City/>
						<sfa:CitySubentity/>
					</sfa:BirthInfo>
				</ftc:SubstantialOwner>
				<ftc:AccountBalance currCode="USD"></ftc:AccountBalance>
				<ftc:Payment>
					<ftc:Type></ftc:Type>
					<ftc:PaymentAmnt currCode="USD"></ftc:PaymentAmnt>
				</ftc:Payment>
			</ftc:AccountReport>
			<ftc:PoolReport>
				<ftc:DocSpec>
					<ftc:DocTypeIndic></ftc:DocTypeIndic>
					<ftc:DocRefId></ftc:DocRefId>
					<ftc:CorrMessageRefId/>
					<ftc:CorrDocRefId/>
				</ftc:DocSpec>
				<ftc:AccountCount></ftc:AccountCount>
				<ftc:AccountPoolReportType></ftc:AccountPoolReportType>
				<ftc:PoolBalance currCode="USD"></ftc:PoolBalance>
			</ftc:PoolReport>
		</ftc:ReportingGroup>
	</ftc:FATCA>
</ftc:FATCA_OECD>
