﻿<?xml version="1.0" encoding="utf-8"?>
<FATCAIDESSenderFileMetadata xmlns:xsi="http://www.w3.org/2001/XMLSchema-instance" xmlns="urn:fatca:idessenderfilemetadata">
	<FATCAEntitySenderId>T2JDLN.00039.ME.604</FATCAEntitySenderId>
	<FATCAEntityReceiverId>000000.00000.TA.840</FATCAEntityReceiverId>
	<FATCAEntCommunicationTypeCd>RPT</FATCAEntCommunicationTypeCd>
	<SenderFileId>20150812T194832962Z_T2JDLN.00039.ME.604</SenderFileId>
	<FileCreateTs>2015-08-12T15:48:32Z</FileCreateTs>
	<TaxYear>2014</TaxYear>
	<FileRevisionInd>false</FileRevisionInd>
</FATCAIDESSenderFileMetadata>